{
    "test_f1_micro": 0.2814268142681427,
    "test_f1_macro": 0.3393282879001159,
    "default_f1_micro": 0.04709066305818674,
    "default_f1_macro": 0.12903554109592502,
    "model_type": "Improved RoBERTa-BiLSTM Hybrid with Attention",
    "base_model": "cardiffnlp/twitter-roberta-base-emotion",
    "thresholds": [
        0.09197089821100235,
        0.13786572217941284,
        0.18801158666610718,
        0.13075022399425507,
        0.09026630967855453,
        0.18351563811302185,
        0.143927201628685,
        0.10319055616855621,
        0.46029597520828247,
        0.13994652032852173,
        0.10852224379777908,
        0.3302971422672272,
        0.7455531358718872,
        0.28640565276145935,
        0.3805002272129059,
        0.14059728384017944,
        0.7188185453414917,
        0.19715368747711182,
        0.16427356004714966,
        0.7678484916687012,
        0.1631731390953064,
        0.5710752010345459,
        0.1374899297952652,
        0.2770847678184509,
        0.6346670985221863,
        0.23330499231815338,
        0.2582681179046631,
        0.08417008817195892
    ],
    "training_time": 5018.982040166855,
    "epochs": 20,
    "batch_size": 16,
    "learning_rate": 1e-05,
    "warmup_steps": 200,
    "weight_decay": 0.01,
    "class_performance": {
        "admiration": {
            "f1": 0.20295378751786566,
            "support": 289,
            "threshold": 0.09197089821100235
        },
        "amusement": {
            "f1": 0.37593984962406013,
            "support": 154,
            "threshold": 0.13786572217941284
        },
        "anger": {
            "f1": 0.3516483516483517,
            "support": 112,
            "threshold": 0.18801158666610718
        },
        "annoyance": {
            "f1": 0.24091778202676864,
            "support": 168,
            "threshold": 0.13075022399425507
        },
        "approval": {
            "f1": 0.14199759326113118,
            "support": 214,
            "threshold": 0.09026630967855453
        },
        "caring": {
            "f1": 0.18404907975460122,
            "support": 60,
            "threshold": 0.18351563811302185
        },
        "confusion": {
            "f1": 0.0664451827242525,
            "support": 90,
            "threshold": 0.143927201628685
        },
        "curiosity": {
            "f1": 0.10819165378670788,
            "support": 145,
            "threshold": 0.10319055616855621
        },
        "desire": {
            "f1": 0.5070422535211268,
            "support": 48,
            "threshold": 0.46029597520828247
        },
        "disappointment": {
            "f1": 0.17480719794344474,
            "support": 82,
            "threshold": 0.13994652032852173
        },
        "disapproval": {
            "f1": 0.11980830670926518,
            "support": 139,
            "threshold": 0.10852224379777908
        },
        "disgust": {
            "f1": 0.3564356435643564,
            "support": 55,
            "threshold": 0.3302971422672272
        },
        "embarrassment": {
            "f1": 0.4,
            "support": 20,
            "threshold": 0.7455531358718872
        },
        "excitement": {
            "f1": 0.27906976744186046,
            "support": 38,
            "threshold": 0.28640565276145935
        },
        "fear": {
            "f1": 0.5977011494252874,
            "support": 50,
            "threshold": 0.3805002272129059
        },
        "gratitude": {
            "f1": 0.5149051490514905,
            "support": 182,
            "threshold": 0.14059728384017944
        },
        "grief": {
            "f1": 0.23529411764705882,
            "support": 8,
            "threshold": 0.7188185453414917
        },
        "joy": {
            "f1": 0.4772727272727273,
            "support": 90,
            "threshold": 0.19715368747711182
        },
        "love": {
            "f1": 0.6053412462908012,
            "support": 155,
            "threshold": 0.16427356004714966
        },
        "nervousness": {
            "f1": 0.7142857142857143,
            "support": 8,
            "threshold": 0.7678484916687012
        },
        "optimism": {
            "f1": 0.30493273542600896,
            "support": 101,
            "threshold": 0.1631731390953064
        },
        "pride": {
            "f1": 0.46153846153846156,
            "support": 6,
            "threshold": 0.5710752010345459
        },
        "realization": {
            "f1": 0.09415584415584416,
            "support": 80,
            "threshold": 0.1374899297952652
        },
        "relief": {
            "f1": 0.05194805194805195,
            "support": 7,
            "threshold": 0.2770847678184509
        },
        "remorse": {
            "f1": 0.5172413793103449,
            "support": 31,
            "threshold": 0.6346670985221863
        },
        "sadness": {
            "f1": 0.4406779661016949,
            "support": 96,
            "threshold": 0.23330499231815338
        },
        "surprise": {
            "f1": 0.46357615894039733,
            "support": 75,
            "threshold": 0.2582681179046631
        },
        "neutral": {
            "f1": 0.5130149102855699,
            "support": 1029,
            "threshold": 0.08417008817195892
        }
    }
}