{
    "test_f1_micro": 0.35578213039978535,
    "test_f1_macro": 0.3462139231278945,
    "default_f1_micro": 0.04333694474539545,
    "default_f1_macro": 0.1258736788068303,
    "model_type": "Improved RoBERTa-BiLSTM Hybrid with Attention",
    "base_model": "cardiffnlp/twitter-roberta-base-emotion",
    "thresholds": [
        0.08497513085603714,
        0.1393149495124817,
        0.17691496014595032,
        0.12915334105491638,
        0.10022182762622833,
        0.21575385332107544,
        0.1381259560585022,
        0.12290453165769577,
        0.32971906661987305,
        0.1906469762325287,
        0.11817766726016998,
        0.30132582783699036,
        0.7194355130195618,
        0.2412737011909485,
        0.4543580412864685,
        0.14329959452152252,
        0.7121538519859314,
        0.18454022705554962,
        0.14655283093452454,
        0.8030809760093689,
        0.17813833057880402,
        0.500464141368866,
        0.14273805916309357,
        0.6427791118621826,
        0.617508590221405,
        0.2306215465068817,
        0.22856131196022034,
        0.09987837076187134
    ],
    "training_time": 5017.778924942017,
    "epochs": 20,
    "batch_size": 16,
    "learning_rate": 1e-05,
    "warmup_steps": 200,
    "weight_decay": 0.01,
    "class_performance": {
        "admiration": {
            "f1": 0.30018083182640143,
            "support": 289,
            "threshold": 0.08497513085603714
        },
        "amusement": {
            "f1": 0.414985590778098,
            "support": 154,
            "threshold": 0.1393149495124817
        },
        "anger": {
            "f1": 0.3673469387755102,
            "support": 112,
            "threshold": 0.17691496014595032
        },
        "annoyance": {
            "f1": 0.17358490566037735,
            "support": 168,
            "threshold": 0.12915334105491638
        },
        "approval": {
            "f1": 0.12421383647798742,
            "support": 214,
            "threshold": 0.10022182762622833
        },
        "caring": {
            "f1": 0.2803738317757009,
            "support": 60,
            "threshold": 0.21575385332107544
        },
        "confusion": {
            "f1": 0.07179487179487179,
            "support": 90,
            "threshold": 0.1381259560585022
        },
        "curiosity": {
            "f1": 0.05144694533762058,
            "support": 145,
            "threshold": 0.12290453165769577
        },
        "desire": {
            "f1": 0.5194805194805194,
            "support": 48,
            "threshold": 0.32971906661987305
        },
        "disappointment": {
            "f1": 0.1976284584980237,
            "support": 82,
            "threshold": 0.1906469762325287
        },
        "disapproval": {
            "f1": 0.1358313817330211,
            "support": 139,
            "threshold": 0.11817766726016998
        },
        "disgust": {
            "f1": 0.3050847457627119,
            "support": 55,
            "threshold": 0.30132582783699036
        },
        "embarrassment": {
            "f1": 0.4375,
            "support": 20,
            "threshold": 0.7194355130195618
        },
        "excitement": {
            "f1": 0.2708333333333333,
            "support": 38,
            "threshold": 0.2412737011909485
        },
        "fear": {
            "f1": 0.4864864864864865,
            "support": 50,
            "threshold": 0.4543580412864685
        },
        "gratitude": {
            "f1": 0.7621951219512195,
            "support": 182,
            "threshold": 0.14329959452152252
        },
        "grief": {
            "f1": 0.23529411764705882,
            "support": 8,
            "threshold": 0.7121538519859314
        },
        "joy": {
            "f1": 0.40425531914893614,
            "support": 90,
            "threshold": 0.18454022705554962
        },
        "love": {
            "f1": 0.46530612244897956,
            "support": 155,
            "threshold": 0.14655283093452454
        },
        "nervousness": {
            "f1": 0.6153846153846154,
            "support": 8,
            "threshold": 0.8030809760093689
        },
        "optimism": {
            "f1": 0.42162162162162165,
            "support": 101,
            "threshold": 0.17813833057880402
        },
        "pride": {
            "f1": 0.46153846153846156,
            "support": 6,
            "threshold": 0.500464141368866
        },
        "realization": {
            "f1": 0.12084592145015106,
            "support": 80,
            "threshold": 0.14273805916309357
        },
        "relief": {
            "f1": 0.0,
            "support": 7,
            "threshold": 0.6427791118621826
        },
        "remorse": {
            "f1": 0.6229508196721312,
            "support": 31,
            "threshold": 0.617508590221405
        },
        "sadness": {
            "f1": 0.43119266055045874,
            "support": 96,
            "threshold": 0.2306215465068817
        },
        "surprise": {
            "f1": 0.49056603773584906,
            "support": 75,
            "threshold": 0.22856131196022034
        },
        "neutral": {
            "f1": 0.5260663507109005,
            "support": 1029,
            "threshold": 0.09987837076187134
        }
    }
}